2021-11-13 23:40:57+00:00,b'@heydave7 @WholeMarsBlog A careful observer would note that my (low basis) share sale rate significantly exceeds my\xe2\x80\xa6 https://t.co/dDXAA08nYL'
2021-11-13 20:19:23+00:00,b'@JonErlichman How about predictions for 2030?'
2021-11-13 18:29:57+00:00,b'@rookisaacman Super proud of the great work by the SpaceX team!'
2021-11-13 18:22:08+00:00,"b'@ICannot_Enough Please don\xe2\x80\x99t read too much into this. As mentioned publicly, Tesla is constrained by chip supply sh\xe2\x80\xa6 https://t.co/CqIQCTdMFm'"
2021-11-13 18:19:05+00:00,b'@GailAlfarATX @JohnnaCrider1 @WholeMarsBlog @TeslaOwnersEBay @RationalEtienne @EvaFoxU @Boxabl I\xe2\x80\x99ve actually been l\xe2\x80\xa6 https://t.co/sUVUz69WJQ'
2021-11-13 18:08:23+00:00,"b'@jordanski20 @slashdot Megapacks are deployed to stabilize the grid itself, especially effective for absorbing peak\xe2\x80\xa6 https://t.co/cLttSyb5o5'"
2021-11-13 18:00:00+00:00,b'@SpaceXMR Such a beautiful day to launch'
2021-11-13 17:58:05+00:00,b'@_rykllan @SpaceX @NASASpaceflight @FelixSchlang @MarcusHouse @bluemoondance74 The rocket fleet grows'
2021-11-13 17:56:44+00:00,b'@Rainmaker1973 Best plane ever'
2021-11-13 17:55:44+00:00,b'@slashdot Tesla Megapack batteries will help stabilize the grid this winter'
2021-11-13 16:47:09+00:00,b'129 Orbital Flights https://t.co/BjG4lNnFyJ'
2021-11-13 12:38:02+00:00,b'@SpaceIntellige3 @SpaceX @SpaceXStarlink @nkknspace @HomemDoEspacoBr @InfographicTony @cnunezimages @spacex360 Shou\xe2\x80\xa6 https://t.co/gctPei1jhC'
2021-11-13 12:16:07+00:00,b'RT @SpaceX: Watch Falcon 9 launch 53 Starlink satellites to orbit \xe2\x86\x92 https://t.co/bJFjLCzWdK  https://t.co/dgHuF6SIZ4'
2021-11-13 12:15:14+00:00,b'@SpaceIntellige3 @SpaceX @SpaceXStarlink @nkknspace @HomemDoEspacoBr @InfographicTony @cnunezimages @spacex360 Inte\xe2\x80\xa6 https://t.co/M9PbMRWwAO'
2021-11-13 11:25:11+00:00,b'@PPathole @teslaownersSV @SamTwits Exactly'
2021-11-13 11:17:44+00:00,b'RT @SpaceX: First 6-engine static fire test of Starship https://t.co/Bq3uryxEnl'
2021-11-13 11:16:58+00:00,b'https://t.co/KpPfSNuaaF'
2021-11-13 10:30:24+00:00,b'@Erdayastronaut It is a very impressive history'
2021-11-13 01:15:41+00:00,b'@teslaownersSV @SamTwits Once the board was presented with the evidence of Eberhard\xe2\x80\x99s deception/fraud &amp; the dire st\xe2\x80\xa6 https://t.co/aOMmc1bByA'
2021-11-13 01:10:26+00:00,b'@teslaownersSV @SamTwits Thinking of doing a podcast \xe2\x80\x9cHardcore History\xe2\x80\x9d style that tells what really happened at Tesla in those early years'
2021-11-13 01:08:26+00:00,"b'@teslaownersSV @SamTwits He came damn close to killing Tesla through a combination of bad management decisions, dri\xe2\x80\xa6 https://t.co/6OL1Mj6E8P'"
2021-11-13 00:56:41+00:00,b'@SamTwits Founding story of Tesla as portrayed by Eberhard is patently false. I wish I had never met him.\n\nEberhard\xe2\x80\xa6 https://t.co/57vNtpKp3g'
2021-11-12 18:17:32+00:00,b'@NASASpaceflight Good static fire with all six engines!'
2021-11-12 09:04:20+00:00,"b'RT @NASA: Four new astronauts through the hatch and seven crewmembers total on the @Space_Station!\n\nAfter almost exactly a day from launch,\xe2\x80\xa6'"
2021-11-12 01:27:38+00:00,"b'@teslaownersSV @24_7TeslaNews @SpaceX No guarantees, but maybe next month. Requires quite a lot of incremental test\xe2\x80\xa6 https://t.co/l8ZLzuKunA'"
2021-11-12 01:25:03+00:00,b'@24_7TeslaNews @teslaownersSV @SpaceX Hoping to start releasing to 98 scores with V10.5 in about 10 days'
2021-11-12 01:22:59+00:00,b'@teslaownersSV @SpaceX Ancient times'
2021-11-11 21:13:45+00:00,b'@SamTwits I hope they\xe2\x80\x99re able to achieve high production &amp; breakeven cash flow. That is the true test. \n\nThere have\xe2\x80\xa6 https://t.co/b8fbUIExZC'
2021-11-11 19:05:14+00:00,b'RT @TeslaCharging: 30k Superchargers around the world \xe2\x80\x94 and counting https://t.co/Yw7m3cJ6HA'
2021-11-11 04:44:30+00:00,b'@PPathole @SpaceX Pattern on the Starlink router is orbital transfer ellipse from Earth to Mars'
2021-11-11 02:01:58+00:00,b'RT @SpaceX: Watch Falcon 9 launch Dragon with four astronauts on board to the @space_station \xe2\x86\x92 https://t.co/bJFjLCzWdK https://t.co/6UDoESJ\xe2\x80\xa6'
2021-11-10 18:02:16+00:00,b'@SawyerMerritt New UAW slogan: \xe2\x80\x9cFighting for their right to steal money from workers!\xe2\x80\x9d'
2021-11-10 17:55:58+00:00,b'@Rainmaker1973 \xf0\x9f\x94\xa5\xf0\x9f\x94\xa5'
2021-11-10 17:38:24+00:00,"b'@Rainmaker1973 Interestingly, however, average power density of the sun is comparable to a compost heap (humans are\xe2\x80\xa6 https://t.co/T9ZdEx860Q'"
2021-11-10 17:18:35+00:00,"b'@SawyerMerritt There are many other good causes, but this is my main reason for accumulating capital. \n\nThe resourc\xe2\x80\xa6 https://t.co/IL3dgF8EPi'"
2021-11-10 17:16:16+00:00,b'@Tenjin37151 @Space_Station @SpaceX @Commercial_Crew @NASA @esa @JAXA_en @astro_kimbrough @Astro_Megan @Thom_astro\xe2\x80\xa6 https://t.co/o1MQHPzFtN'
2021-11-10 17:06:52+00:00,b'@Space_Station @SpaceX @Commercial_Crew @NASA @esa @JAXA_en @astro_kimbrough @Astro_Megan @Thom_astro @Aki_Hoshide\xe2\x80\xa6 https://t.co/4KoMk7U3Wf'
2021-11-10 07:54:26+00:00,b'@Rainmaker1973 And that is a very tiny fraction of the ~4 megatons of mass that the sun converts to energy every second'
2021-11-10 04:07:29+00:00,"b'RT @SpaceX: Jupiter, Saturn, the Moon, and Venus above Falcon and Dragon tonight https://t.co/S76YV1XTV2'"
2021-11-09 15:32:04+00:00,b'Sometimes they\xe2\x80\x99re a little 2-dimensional https://t.co/EQfkGG9Hzq'
2021-11-09 08:13:40+00:00,b'I have all their albums https://t.co/OwQaSJADDE'
2021-11-09 07:34:40+00:00,b'@lexfridman (Zero is a cool concept)'
2021-11-09 06:33:36+00:00,b'@lexfridman Nothing matters'
2021-11-09 06:21:07+00:00,b'@WholeMarsBlog 11 lifetimes ago'
2021-11-09 06:08:46+00:00,b'@SciGuySpace Dragon enters like a shooting star'
2021-11-09 01:40:46+00:00,"b""RT @SpaceX: Crew-2 astronauts have donned their spacesuits ahead of Dragon's reentry into the Earth's atmosphere https://t.co/1kKg2iH7ZA"""
2021-11-08 21:18:35+00:00,b'@skorusARK Really just comes down to iron  cathode for medium range vehicles &amp; stationary storage vs nickel cathode for long range vehicles'
2021-11-08 20:23:04+00:00,"b""RT @NASA: This is what teamwork sounds like.\n\nAs @SpaceX's Crew Dragon Endeavour begins its flyaround of the @Space_Station, @Astro_Sabot s\xe2\x80\xa6"""
2021-11-08 19:28:11+00:00,b'@mishaboar Important'
2021-11-08 19:20:16+00:00,b'@Erdayastronaut @thesheetztweetz @BryceSpaceTech @SpaceX @Arianespace @ArianeGroup @roscosmos @northropgrumman\xe2\x80\xa6 https://t.co/jZszBSilfE'
2021-11-08 19:16:43+00:00,b'@Erdayastronaut @thesheetztweetz @BryceSpaceTech @SpaceX @Arianespace @ArianeGroup @roscosmos @northropgrumman\xe2\x80\xa6 https://t.co/rwEFKAI8Iv'
2021-11-08 19:13:39+00:00,b'@thesheetztweetz @BryceSpaceTech @SpaceX @Arianespace @ArianeGroup @roscosmos @northropgrumman @ulalaunch\xe2\x80\xa6 https://t.co/QielCrWcOc'
2021-11-08 19:08:07+00:00,b'RT @SpaceX: Watch Dragon depart the @space_station and return to Earth with Crew-2 astronauts \xe2\x86\x92 https://t.co/bJFjLCzWdK https://t.co/5Pb3Ct\xe2\x80\xa6'
2021-11-08 17:56:03+00:00,b'@BrianFeroldi @joerogan https://t.co/6HWAI2yiY0'
2021-11-08 17:40:31+00:00,"b'RT @SpaceX: Following Crew-2\xe2\x80\x99s return to Earth, Falcon 9 will launch Dragon\xe2\x80\x99s third long-duration crew mission to the @Space_Station as soo\xe2\x80\xa6'"
2021-11-08 17:40:26+00:00,"b'RT @SpaceX: After a six-month stay, Dragon and the Crew-2 astronauts are set to depart the @space_station today at ~2:00 p.m. ET \xe2\x86\x92 https://\xe2\x80\xa6'"
2021-11-08 01:15:23+00:00,b'@shawncarelli @RonWyden Coming soon'
2021-11-08 00:06:37+00:00,b'@slashdot .@Wikipedia ahem'
2021-11-07 23:57:22+00:00,b'@RonWyden Why does ur pp look like u just came?'
2021-11-07 23:20:28+00:00,b'@WholeMarsBlog I had too many bottles of Teslaquila!'
2021-11-07 22:48:11+00:00,b'@lexfridman Exactly'
2021-11-07 21:29:27+00:00,b'@WholeMarsBlog \xf0\x9f\xa4\xa3'
2021-11-07 19:26:16+00:00,b'@Emmett__Osborne @WholeMarsBlog I was prepared to accept either outcome'
2021-11-07 19:23:03+00:00,b'@WholeMarsBlog Doing the opposite of whatever that insufferable numbskull says would be a great way to invest!'
2021-11-07 18:39:37+00:00,"b'@24_7TeslaNews @WholeMarsBlog We are rolling 10.4 out slowly, as there are many subtle hardware differences in the\xe2\x80\xa6 https://t.co/3b25l9oeUD'"
2021-11-07 18:35:33+00:00,b'@WholeMarsBlog Will consider'
2021-11-06 21:03:41+00:00,b'@TrungTPhan \xf0\x9f\xa4\xa3\xf0\x9f\xa4\xa3'
2021-11-06 20:31:31+00:00,b'@Rainmaker1973 Tesla Autopilot spends a lot of effort on minimizing jerk'
2021-11-06 20:05:43+00:00,b'Roll them \xf0\x9f\x8e\xb2 \xf0\x9f\x8e\xb2 https://t.co/F2rXGcz964'
2021-11-06 19:30:34+00:00,b'* abide(n)'
2021-11-06 19:28:33+00:00,"b'Note, I do not take a cash salary or bonus from anywhere. I only have stock, thus the only way for me to pay taxes\xe2\x80\xa6 https://t.co/AlVIX5oA6X'"
2021-11-06 19:23:11+00:00,"b'I will abide by the results of this poll, whichever way it goes'"
2021-11-06 19:22:27+00:00,b'@lifeplusreward @BillyM2k Wrath of the Khans @HardcoreHistory'
2021-11-06 19:17:49+00:00,"b'Much is made lately of unrealized gains being a means of tax avoidance, so I propose selling 10% of my Tesla stock.\n\nDo you support this?'"
2021-11-06 19:03:01+00:00,b'@BillyM2k I say this frequently'
2021-11-06 01:32:56+00:00,"b'@teslaownersSV Haha true! The top alternate name, if we couldn\xe2\x80\x99t acquire the Tesla Motors trademark, was Faraday, w\xe2\x80\xa6 https://t.co/wNdc7DMENg'"
2021-11-06 01:30:21+00:00,b'@WholeMarsBlog Some late-breaking issues with 10.4. We\xe2\x80\x99re deploying a patch to internal beta vehicles around 3am to\xe2\x80\xa6 https://t.co/4YcWxo3Yzr'
2021-11-05 14:46:20+00:00,b'@dogeofficialceo @BillyM2k \xf0\x9f\xa4\xa3'
2021-11-04 22:11:36+00:00,b'@RealSkyWatcher @thesheetztweetz \xf0\x9f\xa4\xa3\xf0\x9f\xa4\xa3'
2021-11-04 21:30:09+00:00,b'@DrEliDavid Seems that way. Publishing their transaction ledger would clarify matters.'
2021-11-04 19:25:21+00:00,b'@Jon4Lakers @Tesla We will post finer-grained details of software improvements going forward'
2021-11-04 19:22:42+00:00,b'@koolio @Jon4Lakers @Tesla Exactly. Improved memory will cause predictions to converge &amp; reduce jitter.'
2021-11-04 18:20:27+00:00,b'@BillyM2k Hype^Hype'
2021-11-04 16:26:47+00:00,"b'@Teslarati @Writer_01001101 In the future, any Tesla you use will automatically sync to your preferences'"
2021-11-04 15:02:20+00:00,b'@thesheetztweetz https://t.co/deqktTvS3U'
2021-11-04 14:33:29+00:00,b'@BLKMDL3 @Jon4Lakers @Tesla Probable'
2021-11-04 14:15:25+00:00,b'@Jon4Lakers @Tesla Neural net upgrades coming that improve persistence across time &amp; space (better object permanence)'
2021-11-04 06:08:55+00:00,b'@alp_cp @GerberKawasaki \xf0\x9f\xa7\x90'
2021-11-04 05:59:00+00:00,b'@teslaownersSV Cool :)'
2021-11-03 20:51:25+00:00,b'@GerberKawasaki Not yet. They should just post their transaction ledger. Must be somewhere.'
2021-11-03 19:28:23+00:00,b'And Mars https://t.co/geLbxjAlsw'
2021-11-03 18:46:52+00:00,b'@robxlynx Haha true'
2021-11-03 18:19:18+00:00,b'@BillyM2k So are tunnels'
2021-11-03 07:34:08+00:00,"b'Yup, even the moon https://t.co/o9GrgL4hpe'"
2021-11-03 00:00:38+00:00,b'@BillyM2k \xe2\x98\xba\xef\xb8\x8f'
2021-11-03 00:00:11+00:00,b'@BillyM2k \xf0\x9f\x91\x8f'
2021-11-02 22:57:57+00:00,b'@teslaownersSV !'
2021-11-02 20:36:20+00:00,b'@BillyM2k How about my lil doge Floki? He would make a great CEO! His judgment is \xf0\x9f\xa4\x8c.'
2021-11-02 20:02:56+00:00,b'@Tesmanian_com What they are doing is just not right'
2021-11-02 20:00:48+00:00,b'@Tesmanian_com sigh'
2021-11-02 19:42:08+00:00,b'@BillyM2k Me!'
2021-11-02 06:22:46+00:00,b'@arstechnica \xf0\x9f\x92\xaf'
2021-11-02 01:48:32+00:00,"b'@teslaownersSV You\xe2\x80\x99re welcome!\n\nIf any of this is based on Hertz, I\xe2\x80\x99d like to emphasize that no contract has been s\xe2\x80\xa6 https://t.co/0nbJCdcG6B'"
2021-11-02 00:12:52+00:00,b'Humankind\n\xe7\x85\xae\xe8\xb1\x86\xe7\x87\x83\xe8\xb1\x86\xe8\x90\x81\n\xe8\xb1\x86\xe5\x9c\xa8\xe9\x87\x9c\xe4\xb8\xad\xe6\xb3\xa3\n\xe6\x9c\xac\xe6\x98\xaf\xe5\x90\x8c\xe6\xa0\xb9\xe7\x94\x9f\n\xe7\x9b\xb8\xe7\x85\x8e\xe4\xbd\x95\xe5\xa4\xaa\xe6\x80\xa5'
2021-11-01 20:05:08+00:00,b'@HardcoreHistory Almost finished J\xc3\xbcnger\xe2\x80\x99s Storm of Steel. Intense. Great book.'
2021-11-01 18:53:03+00:00,"b'@shiraeis @BillyM2k It\xe2\x80\x99s simulations all the way down, until eventually it\xe2\x80\x99s just 1 bit'"
2021-11-01 18:45:26+00:00,"b'@BillyM2k - Everything on the Internet is true!\n- Externalize responsibility!\n- If you are able to do this, buy crypto!'"
2021-11-01 18:38:26+00:00,b'@PPathole @SpaceX Absolutely'
2021-11-01 18:03:00+00:00,b'@flcnhvy @adamhoov @Forbes He talks like an NPC with a limited dialogue tree'
2021-11-01 16:32:21+00:00,b'@dogeofficialceo @Forbes \xf0\x9f\xa4\xa3'
2021-11-01 16:32:02+00:00,b'@adamhoov @Forbes Srsly'
2021-11-01 16:18:46+00:00,b'@Forbes He looks good even for a 200-year-old!'
2021-11-01 16:09:03+00:00,b'@RenataKonkoly @Forbes Both of those factories failed &amp; shut down long ago. Strange thing to brag about.'
2021-11-01 16:00:01+00:00,b'@Forbes Literally can\xe2\x80\x99t tell if this is real or deep fake \xf0\x9f\xa4\xa3\xf0\x9f\xa4\xa3\xf0\x9f\xa4\xa3'
2021-11-01 15:58:31+00:00,b'@MartinKulldorff @joerogan @DrJBhattacharya Should be a term limit for these appointees'
2021-11-01 15:12:16+00:00,b'@silverph @ring @TOCNYS @Tesla @TeslaNY \xf0\x9f\xa4\xa3'
2021-11-01 14:55:55+00:00,b'Trial program for opening Tesla Superchargers to other EVs has begun https://t.co/g4HpgRGl7d'
2021-11-01 03:40:07+00:00,b'RT @Tesla: Happy Halloween \xf0\x9f\x8e\x83 https://t.co/d5ijx1PDjW'
2021-11-01 03:30:48+00:00,b'@SpacePadreIsle Thanks!'
2021-11-01 00:20:53+00:00,b'@Tesmanian_com Sanjay deserves a lot of credit for making X/PayPal succeed. Now helping SpaceX serve rural communit\xe2\x80\xa6 https://t.co/HUY3abq3xi'
2021-10-31 23:19:48+00:00,b'@ashleevance \xf0\x9f\xa4\xa3'
2021-10-31 22:09:20+00:00,"b'@garycruz @truth_tesla @zshahan3 @garyblack00 @WholeMarsBlog @SawyerMerritt Yup, 2nd UAW president in a row. Unlikely to be the last.'"
2021-10-31 21:55:23+00:00,b'@WFPChief @DrEliDavid What happened here? https://t.co/WWfbZURtdh'
2021-10-31 21:54:15+00:00,b'@truth_tesla @zshahan3 @garyblack00 @WholeMarsBlog @SawyerMerritt https://t.co/WAWkkEMvS5'
2021-10-31 21:51:33+00:00,b'@truth_tesla @zshahan3 @garyblack00 @WholeMarsBlog @SawyerMerritt https://t.co/DxY57KUcmf'
2021-10-31 21:42:44+00:00,b'@truth_tesla @zshahan3 @garyblack00 @WholeMarsBlog @SawyerMerritt Biden is a UAW \xf0\x9f\xa7\xa6 puppet'
2021-10-31 21:21:23+00:00,b'@WFPChief @DrEliDavid Please publish your current &amp; proposed spending in detail so people can see exactly where mon\xe2\x80\xa6 https://t.co/hpPsySEQWr'
2021-10-31 21:17:11+00:00,"b'@SawyerMerritt @Tesla By definition, since I own ~20% of Tesla, ~80% of stock gains necessarily went to investors &amp; employees!'"
2021-10-31 19:35:23+00:00,"b'@ZaidJilani @joerogan @FoxNews Austin should be its city, not a San Francisco copycat'"
2021-10-31 18:27:16+00:00,b'@BillyM2k \xe2\x99\xa5\xef\xb8\x8f\xe2\x99\xa5\xef\xb8\x8f\xe2\x99\xa5\xef\xb8\x8f'
2021-10-31 18:20:50+00:00,b'Tuition is in Dogecoin &amp; u get a discount if u have a dog'
2021-10-31 13:55:45+00:00,"b'@DrEliDavid But it must be open source accounting, so the public sees precisely how the money is spent.'"
2021-10-31 13:50:55+00:00,"b'@DrEliDavid If WFP can describe on this Twitter thread exactly how $6B will solve world hunger, I will sell Tesla stock right now and do it.'"
2021-10-31 00:44:28+00:00,b'@ErcXspace @NASASpaceflight Pretty close'
2021-10-31 00:43:51+00:00,"b'@hsumacher @Tesla Indeed. The factory was empty at the time, stripped of all equipment that wasn\xe2\x80\x99t worth even its s\xe2\x80\xa6 https://t.co/HTn2bmxPWF'"
2021-10-30 05:32:34+00:00,b'@PPathole \xf0\x9f\xa4\xa3'
2021-10-30 05:12:24+00:00,"b'RT @SpaceX: Crew-3 astronauts, SpaceX, and @NASA completed a full rehearsal of launch day activities https://t.co/6SxIhIkT8M'"
2021-10-30 02:05:39+00:00,b'@nichegamer https://t.co/OtHRWEbDeq'
2021-10-30 01:47:49+00:00,b'@Helloimmorgan What gave it away!?'
2021-10-30 01:07:15+00:00,b'@InsideEVs Thanks on behalf of Tesla'
2021-10-29 17:03:02+00:00,"b'@kimpaquette Unfortunately, yes'"
2021-10-29 16:57:41+00:00,b'@EvaFoxU \xe2\x80\x9cA culture of corruption\xe2\x80\x9d \xe2\x80\x93 his words'
2021-10-29 16:56:30+00:00,b'@EvaFoxU https://t.co/xtiaBEY9Rw'
2021-10-29 16:06:43+00:00,"b'@KingManninen Nope, T is def first'"
2021-10-29 16:00:04+00:00,b'@ray4tesla \xe2\x80\x9cTesla Hertz Shorts\xe2\x80\x9d'
2021-10-29 15:08:16+00:00,"b'RT @SpaceX: Falcon 9 and Dragon are looking good for Sunday morning\xe2\x80\x99s launch. Weather forecast is 80% favorable for liftoff, while teams ar\xe2\x80\xa6'"
2021-10-29 06:36:25+00:00,b'Universally admired'
2021-10-29 06:35:25+00:00,b'@stevenmarkryan Obv'
2021-10-29 06:33:54+00:00,b'@nichegamer That would rock'
2021-10-29 05:22:26+00:00,b'It will have epic merch'
2021-10-29 05:20:58+00:00,b'Am thinking of starting new university:\nTexas Institute of Technology &amp; Science'
2021-10-29 05:12:21+00:00,b'@Rainmaker1973 We are so fluffy compared to a neutron star'
2021-10-29 03:25:09+00:00,b'@billhuang688 @daelmor \xf0\x9f\xa4\xa3'
2021-10-29 02:56:55+00:00,b'@SawyerMerritt We basically stole our product roadmap from Spaceballs'
2021-10-28 22:35:14+00:00,b'@cnunezimages @SpaceX @SpaceIntellige3 Gateway to Mars'
2021-10-28 21:40:15+00:00,b'@BillyM2k \xf0\x9f\x92\xaf'
2021-10-28 17:35:58+00:00,b'@teslaownersSV @Teslarati @ResidentSponge Tesla always pays its debts'
2021-10-28 17:34:11+00:00,b'@Rainmaker1973 Cover story for Godzilla obv'
2021-10-28 16:55:47+00:00,"b""@TheBabylonBee \xe2\x80\x9cTax experts said they're not sure if claiming unrealized donations is legal, but admitted it's all\xe2\x80\xa6 https://t.co/Wbnnzegykf"""
2021-10-28 15:54:07+00:00,b'@atNickVega @CNBCMakeIt Thanks for your support over the year @jayleno!'
2021-10-28 15:52:53+00:00,b'@ecommerceshares The cemetery of automotive startups over the past century is very large &amp; will get larger. Tesla &amp;\xe2\x80\xa6 https://t.co/hNfgLZ47m6'
2021-10-28 15:45:13+00:00,b'RT @SpaceX: Timelapse of Falcon 9 and Dragon going vertical https://t.co/WEp20JfU9t'
2021-10-28 15:33:25+00:00,"b'@TeslaHype @Teslarati @ResidentSponge Indeed, US taxpayers actually profited from the Tesla loan'"
2021-10-28 15:30:17+00:00,"b'@Teslarati @ResidentSponge GM &amp; Chrysler were bailed out (money never repaid), but Tesla was not.\n\nCrucial Tesla in\xe2\x80\xa6 https://t.co/uOJdduWD8F'"
2021-10-28 05:13:27+00:00,b'@wapodavenport My plan is to use the money to get humanity to Mars and preserve the light of consciousness'
2021-10-27 23:36:52+00:00,b'RT @SpaceX: Falcon 9 and Dragon vertical on Launch Complex 39A https://t.co/niQOr2lpZQ'
2021-10-27 23:32:51+00:00,"b'@wapodavenport US Federal Debt/GDP was 56% in 2000, now it is 126% &amp; climbing fast'"
2021-10-27 23:16:36+00:00,b'@dogeofficialceo @wapodavenport \xf0\x9f\xa4\xa3'
2021-10-27 21:52:16+00:00,"b'@wapodavenport US national debt is ~$28,900 billion or ~$229k per taxpayer.\n\nEven taxing all \xe2\x80\x9cbillionaires\xe2\x80\x9d at 100%\xe2\x80\xa6 https://t.co/VupuSWWLHP'"
2021-10-27 21:40:47+00:00,b'@tesla_raj \xf0\x9f\x91\xbb'
2021-10-27 21:40:16+00:00,b'@tesla_raj You can also talk through the car speaker. Great for practical jokes :)'
2021-10-27 21:33:46+00:00,b'@jgrano305 @WholeMarsBlog Tentative plan is 98 &amp; above starts uploading Friday afternoon next week.\n\nIf we see any\xe2\x80\xa6 https://t.co/lGb6EM3I05'
2021-10-27 21:26:23+00:00,"b'@WholeMarsBlog FSD/AI team is doing great work. Will get superhuman good in upcoming releases. \n\nNote, we will slow\xe2\x80\xa6 https://t.co/KQTjydWJBZ'"
2021-10-27 21:11:11+00:00,b'@pinkocat1 @WR4NYGov @RBReich @POTUS \xf0\x9f\x92\xaf'
2021-10-27 20:35:22+00:00,"b'@JayinShanghai That math is incorrect, but still a lot of devices per second! \n\nI guess if Tesla can reach 20M cars\xe2\x80\xa6 https://t.co/TOatbG9kOv'"
2021-10-27 20:29:16+00:00,"b'@wapodavenport According to their own estimates, this tax only covers ~10% of the $3.5 trillion spending bill. \n\nWh\xe2\x80\xa6 https://t.co/5duKxJobBh'"
2021-10-27 17:47:54+00:00,"b'@BillyM2k If I send you 2 Doge, will you promise to send me 1 Doge?'"
2021-10-27 01:58:07+00:00,b'RT @AstroMarshburn: Endurance has arrived at the Hangar! We can\xe2\x80\x99t wait to ride this @SpaceX Dragon to the @Space_Station in a few days\xe2\x80\xa6 htt\xe2\x80\xa6'
2021-10-27 01:08:50+00:00,"b'@teslaownersSV Wow, 13 years ago'"
2021-10-26 20:56:02+00:00,b'@TheBabylonBee I feel like this has happened at Tesla a few times'
2021-10-26 17:29:06+00:00,b'@MorningBrew I kinda like avocado toast &amp; pro level coffee tbh :) Starbase cuisine does an amazing job with those.'
2021-10-26 12:56:15+00:00,b'@QuantaMagazine Another way of saying we\xe2\x80\x99re in a simulation'
2021-10-26 12:34:44+00:00,"b'@PPathole @Tesla Reducing traffic fatalities by 90% seems likely, perhaps ultimately by over 99%'"
2021-10-26 12:19:16+00:00,b'@Tesla This is more important than it may seem at first'
2021-10-26 12:12:25+00:00,"b'@LudaLisl @sat1 @Hertz Also, Tesla will soon be a German car manufacturer.'"
2021-10-26 12:10:30+00:00,"b'@LudaLisl @sat1 @Hertz German car manufacturers will rebound strongly. They possess great talent, which will not sit idle.'"
2021-10-26 02:31:11+00:00,b'@CathieDWood But the Bee nails it again \xf0\x9f\xa4\xa3\xf0\x9f\xa4\xa3 https://t.co/eTDmxVrYxZ'
2021-10-26 02:24:02+00:00,b'@podcastnotes Who is best at capital allocation \xe2\x80\x93 government or entrepreneurs \xe2\x80\x93 is indeed what it comes down to.\xe2\x80\xa6 https://t.co/04UDN1bt74'
2021-10-26 01:33:17+00:00,b'@JackBox Thanks \xf0\x9f\x98\x8e'
2021-10-26 01:31:10+00:00,b'@cnunezimages @SpaceX @SpaceIntellige3 Truth is stranger than fiction'
2021-10-26 00:30:03+00:00,"b'@GerberKawasaki To be clear, cars sold to Hertz have no discount. Same price as to consumers.'"
2021-10-26 00:28:18+00:00,"b'@CathieDWood I don\xe2\x80\x99t know about long-term, but short-term we are seeing strong inflationary pressure'"
2021-10-26 00:22:45+00:00,"b'@RichardMcCrackn @RonWyden @JeffBezos Exactly. Eventually, they run out of other people\xe2\x80\x99s money and then they come for you.'"
2021-10-25 20:11:24+00:00,b'@Teslarati @KlenderJoey I\xe2\x80\x99d like to express appreciation to Tesla Autopilot engineering &amp; QA for working round the\xe2\x80\xa6 https://t.co/NI8mV1LsUM'
2021-10-25 20:09:51+00:00,b'@Teslarati @KlenderJoey Sorry to Tesla beta users for the trouble! Issue turned out to be power saving mode interac\xe2\x80\xa6 https://t.co/dAErYBC7W1'
2021-10-25 20:04:16+00:00,"b'@GerberKawasaki Strange that moved valuation, as Tesla is very much a production ramp problem, not a demand problem'"
2021-10-25 19:59:17+00:00,b'Wild $T1mes!'
2021-10-25 19:53:31+00:00,"b'@coach23life @SawyerMerritt Indeed, this is intended to be useful advice, based on my extremely painful experience, not an attack in any way'"
2021-10-25 19:15:54+00:00,"b'@SawyerMerritt Prototypes are trivial compared to scaling production &amp; supply chain. If those are solved, achieving\xe2\x80\xa6 https://t.co/7wsc55VhMM'"
2021-10-25 17:09:52+00:00,b'@kimpaquette @Hertz @TomBrady That feature is coming'
2021-10-25 10:02:13+00:00,b'10.3.1 rolling out now'
2021-10-25 08:09:11+00:00,b'What if ur name is Johnson &amp; u just happen to work at Johnson &amp; Johnson?'
2021-10-25 08:02:23+00:00,b'Naughtius Maximus https://t.co/sad4sLZT5D'
2021-10-25 07:32:42+00:00,b'@CryptoWhale Sclerotic democracy'
2021-10-25 02:11:27+00:00,b'Although Teams is pretty good'
2021-10-25 02:07:11+00:00,b'Macrohard &gt;&gt; Microsoft'
2021-10-25 01:50:44+00:00,"b'@PPathole @Erdayastronaut Raptor 2 has a larger throat diameter, so thrust is ~245 tons at 321 bar'"
2021-10-25 01:32:44+00:00,b'@PhantomX91 Maybe Optimus will have a cat girl version \xe2\x80\xa6'
2021-10-25 01:08:54+00:00,b'erotic democracy &gt;&gt; sclerotic democracy'
2021-10-25 00:49:27+00:00,b'@dear_mmoon @engineers_feed \xf0\x9f\xa4\xa3'
2021-10-24 20:38:15+00:00,b'Pop music has both literal &amp; figurative Stockholm Syndrome'
2021-10-24 19:16:51+00:00,b'@engineers_feed Wasn\xe2\x80\x99t easy'
2021-10-24 18:55:51+00:00,b'@ProTheDoge Lots of people I talked to on the production lines at Tesla or building rockets at SpaceX own Doge. The\xe2\x80\xa6 https://t.co/NysBcHSU3P'
2021-10-24 18:44:33+00:00,"b'Seeing some issues with 10.3, so rolling back to 10.2 temporarily. \n\nPlease note, this is to be expected with beta\xe2\x80\xa6 https://t.co/8MMElUD6F9'"
2021-10-24 18:01:32+00:00,"b'@Filasophical @ShibaInuHodler Out of curiosity, I acquired some ascii hash strings called \xe2\x80\x9cBitcoin, Ethereum &amp; Doge\xe2\x80\xa6 https://t.co/Oqo6I2Vj8t'"
2021-10-24 17:54:27+00:00,b'@BillyM2k @TeslaGong @mishaboar @DogecoinFdn \xf0\x9f\x92\xaf'
2021-10-24 17:53:30+00:00,b'@ShibaInuHodler None'
2021-10-24 17:51:57+00:00,b'@itsALLrisky @TeslaGong @mishaboar @DogecoinFdn Possibly. Bitcoin was conceived at a time of relatively low bandwid\xe2\x80\xa6 https://t.co/9qaqs1LvOX'
2021-10-24 17:47:01+00:00,b'@jchybow @WholeMarsBlog We\xe2\x80\x99re working on this issue right now'
2021-10-24 17:38:14+00:00,"b'@TeslaGong @mishaboar @DogecoinFdn Not recently. What matters imo is lowering fees, decreasing block time &amp; increas\xe2\x80\xa6 https://t.co/x4JS4zHmHk'"
2021-10-24 10:55:14+00:00,b'@Kristennetten As requested'
2021-10-24 10:48:47+00:00,"b'@Erdayastronaut Got to 321 bar before RUD, but cause may be due to oxygen inlet pressure too low, rather than engine issues'"
2021-10-24 08:37:06+00:00,b'@cleantechnica We live in a gerontocracy'
2021-10-24 08:11:32+00:00,b'@BillyM2k Plus crypto scams haha'
2021-10-24 00:48:54+00:00,"b'@mishaboar @DogecoinFdn Neither Jared, nor me, nor anyone I know has anything to do with this foundation'"
2021-10-24 00:27:02+00:00,b'RT @SpaceX: Gateway to Mars https://t.co/cej13QdyJP'
2021-10-23 14:50:00+00:00,b'Your support makes a big difference! Please let the FAA know your opinion. https://t.co/4T3NaemoCr'
2021-10-23 13:49:01+00:00,b'@martinbowling Yes'
2021-10-23 13:43:53+00:00,"b'Regression in some left turns at traffic lights found by internal QA in 10.3. Fix in work, probably releasing tomorrow.'"
2021-10-22 19:59:45+00:00,b'@tim_cook Come see the Apple Cloth \xe2\x84\xa2\xef\xb8\x8f'
2021-10-22 18:56:21+00:00,b'@UberFacts *In Dogecoin'
2021-10-22 18:55:06+00:00,b'@slashdot Squid Game is Squid Game for ISPs'
2021-10-22 18:30:10+00:00,b'@nichegamer \xf0\x9f\xa4\xa3'
2021-10-22 18:17:42+00:00,b'@engineers_feed Hey QT314 \xf0\x9f\x98\x89'
2021-10-22 18:14:26+00:00,b'Starbase under construction https://t.co/cFXJKvYJjY'
2021-10-22 18:11:56+00:00,b'@cnunezimages @SpaceX @SpaceIntellige3 Great!'
2021-10-22 17:26:52+00:00,b'@cnunezimages @SpaceX @SpaceIntellige3 I mean just the image'
2021-10-22 17:26:30+00:00,b'@cnunezimages @SpaceX @SpaceIntellige3 Can I retweet this in cropped form?'
2021-10-22 16:09:25+00:00,"b'@SpacePadreIsle If all goes well, Starship will be ready for its first orbital launch attempt next month, pending regulatory approval'"
2021-10-22 15:38:28+00:00,b'@SpaceXMR Tries to launch some rockets \xe2\x80\x93 accidentally summons dark lord'
2021-10-22 15:33:21+00:00,b'@teslaownersSV @boringcompany It\xe2\x80\x99s gonna be great!'
2021-10-22 06:47:11+00:00,b'@TomGardnerFool Interesting'
2021-10-22 02:54:04+00:00,b'@WholeMarsBlog Exactly'
2021-10-22 02:41:14+00:00,b'@NicAnsuini @NASASpaceflight Shaking out the problems (literally) haha'
2021-10-22 01:08:29+00:00,"b'@teslaownersSV @Erdayastronaut Yeah, although early production cars will need camera upgrades, as well as FSD compu\xe2\x80\xa6 https://t.co/1MMrRIIiqM'"
2021-10-22 01:05:58+00:00,"b'@tobyliiiiiiiiii @Erdayastronaut No, we expect some tiles to shake loose during static fires'"
2021-10-22 01:04:37+00:00,b'@johnkrausphotos @Erdayastronaut Hopefully'
2021-10-22 01:03:49+00:00,"b'@Erdayastronaut Currently at ~270 bar, but working on upgrades to get it over 300 bar'"
2021-10-22 01:02:57+00:00,b'RT @SpaceX: First firing of a Raptor vacuum engine integrated onto a Starship https://t.co/uCNAt8Kwzo'
2021-10-22 01:02:51+00:00,"b'@Erdayastronaut Raptor has a very high chamber pressure, which in turn allows for a large expansion ratio nozzle wi\xe2\x80\xa6 https://t.co/TKbgO7M7MX'"
2021-10-21 22:47:09+00:00,b'@TeslaNY @boringcompany @Tesla @maddiewhitetv This will be cool'
2021-10-21 17:44:26+00:00,b'@boringcompany Beat the \xf0\x9f\x90\x8c!'
2021-10-21 17:32:40+00:00,b'@Teslarati @ResidentSponge We are'
2021-10-21 07:51:03+00:00,b'@TstTwet Noooo'
2021-10-21 03:07:24+00:00,b'@markgurman \xf0\x9f\xa4\xa3'
2021-10-21 02:41:14+00:00,b'https://t.co/pCO0wNNZtz'
2021-10-21 02:24:59+00:00,b'@BabyTesla3 @teslaownersSV @TheRealBuzz Very soon'
2021-10-21 02:23:04+00:00,"b'@OwenSparks_ @teslaownersSV @TheRealBuzz Yeah, when we\xe2\x80\x99re out of beta'"
2021-10-21 02:21:23+00:00,b'@teslaownersSV @TheRealBuzz Most likely'
2021-10-21 02:20:39+00:00,b'@Liv_Boeree Absolutely'
2021-10-21 02:19:51+00:00,"b'@TheRealBuzz Well-said, Dr Aldrin!'"
2021-10-21 01:50:24+00:00,b'@DirtyTesla @Tesla Yup'
2021-10-20 22:01:07+00:00,b'RT @boringcompany: Vegas Loop is expanding - 29 miles and 51 stations! \nThanks to the Clark County team for the great partnership and to th\xe2\x80\xa6'
2021-10-20 17:22:26+00:00,b'@PPathole @thesheetztweetz Well-optimized Starship would do ~250 tons to orbit as expendable &amp; ~150 tons fully reusable'
2021-10-20 17:18:34+00:00,b'@jhong @sama Nods'
2021-10-20 16:54:34+00:00,b'@wintonARK The day FSD goes to wide release will be one of the biggest asset value increases in history'
2021-10-20 16:16:48+00:00,b'@thesheetztweetz Full &amp; rapid reusability is the holy grail of orbital rocketry'
2021-10-20 16:11:12+00:00,b'@justindross Most big companies in tech have turned into places where talent goes to die'
2021-10-20 02:43:46+00:00,"b'@MatchasmMatt @NHTSAgov Objectively, her track record is extremely biased against Tesla'"
2021-10-20 00:02:53+00:00,b'@thesheetztweetz cgi irl'
2021-10-19 23:51:53+00:00,b'@WR4NYGov @POTUS Odd'
2021-10-19 17:42:00+00:00,"b'@adamhoov They\xe2\x80\x99re required by law, but designed to be easy to remove by owners'"
2021-10-19 17:13:36+00:00,b'@SpaceXMR \xf0\x9f\xa4\xa3'
2021-10-19 16:41:42+00:00,b'@engineers_feed \xf0\x9f\xa4\xa3'
2021-10-19 12:16:20+00:00,b'https://t.co/a0F22R5Hv7'
2021-10-19 01:24:14+00:00,b'@long_elon @SciGuySpace @ShinodaChan_ Ovaltine is amazing!'
2021-10-19 01:22:05+00:00,"b'@SciGuySpace @ShinodaChan_ I would gladly obey the chemtrails, but I don\xe2\x80\x99t understand what they are saying haha!'"
2021-10-18 21:31:31+00:00,b'https://t.co/g5ulISeWxS'
2021-10-18 09:49:31+00:00,b'@Neuro_Skeptic Luck is the best superpower'
2021-10-18 03:01:00+00:00,b'@pcgamer Good review'
2021-10-17 23:07:53+00:00,b'@teslaownersSV \xe2\x99\xa5\xef\xb8\x8f'
2021-10-17 22:38:00+00:00,b'@TaraConnelly8 @mcuban \xf0\x9f\xa4\xa3'
2021-10-17 22:30:53+00:00,"b'@SawyerMerritt As soon as major construction is done, so maybe in a few months'"
2021-10-17 22:24:27+00:00,b'@BillyM2k \xf0\x9f\x98\x9b'
2021-10-17 22:22:31+00:00,b'I\xe2\x80\x99ve thought about and \xe2\x80\xa6 I\xe2\x80\x99m not sorry for party rocking'
2021-10-17 22:20:36+00:00,b'(\\_/)\n( \xe2\x80\xa2_\xe2\x80\xa2)\n/ &gt;\xf0\x9f\x9a\x80'
2021-10-17 20:29:05+00:00,b'@slashdot Autonomy must &amp; will work even with no connectivity'
2021-10-17 03:40:44+00:00,"b'@harrison_astro We can do that partially, but detailed rocket technology is considered advanced weaponry (same tech\xe2\x80\xa6 https://t.co/5eLKQDRo67'"
2021-10-17 03:13:40+00:00,b'@AnythingTesla @Tesla Yeah'
2021-10-17 03:04:50+00:00,b'@Lootster @TrungTPhan \xf0\x9f\x91\x86'
2021-10-17 02:46:03+00:00,b'@TrungTPhan Maybe Buffett should invest in Tesla haha'
2021-10-17 02:42:44+00:00,"b'Thanks Cameron County, Brownsville &amp; South Padre for your support! Much appreciated. https://t.co/LAzZfKXwAG'"
2021-10-17 02:31:09+00:00,b'@considercosmos @SpaceX Thanks!!'
2021-10-16 05:14:55+00:00,b'@MattWallace888 Hopefully enough to extend life to Mars'
2021-10-16 05:13:48+00:00,b'@StonksReddit \xf0\x9f\xa4\xa3'
2021-10-15 04:52:41+00:00,"b'@vicentes @bradsferguson @MediaRedyns @RedMetalGiraffe We already have a giant, free fusion reactor in the sky call\xe2\x80\xa6 https://t.co/dJUOdZQ89N'"
2021-10-15 04:46:31+00:00,b'@bradsferguson @MediaRedyns @RedMetalGiraffe Correct'
2021-10-15 03:19:22+00:00,b'@teslaownersSV Technical details will be in release notes'
2021-10-15 03:18:00+00:00,b'Beta 10.3 releasing Friday next week to all cars with 99/100 safety score'
2021-10-14 20:10:16+00:00,b'@AstroDebora @archillect Pretty much :)'
2021-10-14 20:06:39+00:00,b'@archillect Fan art is the best'
2021-10-14 20:05:28+00:00,b'@PPathole LASIK has improved so many people\xe2\x80\x99s lives!'
2021-10-14 16:42:41+00:00,b'@nichegamer Great game'
2021-10-14 16:05:36+00:00,b'@Teslarati @ResidentSponge Haha'
2021-10-14 15:42:40+00:00,"b'@blueorigin Congrats, was cool to send @WilliamShatner to space'"
2021-10-14 15:22:46+00:00,b'@WR4NYGov @Tesla @LucidMotors @Rivian If it possible to start an EV company without shipping any cars &amp; get a valua\xe2\x80\xa6 https://t.co/vaBB2h21lv'
2021-10-14 15:16:04+00:00,"b'@Gfilche @WR4NYGov @Tesla @LucidMotors @Rivian I hope they have a high pain tolerance. Scaling production, supply c\xe2\x80\xa6 https://t.co/sFZQo87863'"
2021-10-14 15:14:39+00:00,b'@andrewkaylor @Gfilche @WR4NYGov @Tesla @LucidMotors @Rivian \xf0\x9f\xa4\xa3'
2021-10-14 15:13:47+00:00,"b'@harrison_astro Yes, we are talking to airlines about installing Starlink. Please let them know if you want it on y\xe2\x80\xa6 https://t.co/rK6HdztuJL'"
2021-10-14 15:05:33+00:00,b'@WR4NYGov @Tesla @LucidMotors @Rivian These are strange days'
2021-10-14 08:58:42+00:00,b'RT @SpaceX: Crew-3 astronauts test out their flight hardware ahead of launch later this month https://t.co/nRW2mM6MpM'
2021-10-14 08:40:15+00:00,b'@JayinShanghai @brc06 @Tesla @TeslaCharging @teslacn They will'
2021-10-14 08:39:52+00:00,b'@PPathole Many great suggestions in this thread!'
2021-10-14 08:34:18+00:00,b'@1001000_1100100 @PPathole https://t.co/49ec0mw24P'
2021-10-14 08:28:09+00:00,"b'@PPathole Death Note, Evangelion, Ghost in the Shell, Spirited Away, Princess Mononoke, Full Metal Alchemist, Your Name'"
2021-10-14 07:57:30+00:00,b'Can\xe2\x80\x99t wait to be in Genshin Impact \xf0\x9f\xa4\xa3'
2021-10-14 06:06:25+00:00,b'@TeslaClubLA @PhilBrock4SM @SaMoMayor @SaMoManager Hoping to get this done soon'
2021-10-14 02:47:36+00:00,b'@BillyM2k \xf0\x9f\x92\xaf'
2021-10-14 00:28:11+00:00,b'@BillyM2k \xf0\x9f\xa4\xa3'
2021-10-14 00:22:46+00:00,b'@timetravelart Aspirationally for everyone'
2021-10-14 00:16:35+00:00,b'@BillyM2k \xf0\x9f\x91\x8d'
2021-10-13 13:19:33+00:00,b'@NASA @WilliamShatner Godspeed Captain'
2021-10-12 23:02:48+00:00,b'@UniverCurious @TechInsider \xe2\x80\x9cLasers\xe2\x80\x9d'
2021-10-12 21:44:46+00:00,b'@JeffTutorials @Manic_Marge @Tesla Maybe next week. We\xe2\x80\x99d like to get to 10.3 before expanding the beta.'
2021-10-12 21:42:57+00:00,b'@Manic_Marge @Tesla Always'
2021-10-12 21:40:54+00:00,b'@teslaownersSV @JonErlichman \xf0\x9f\x98\x9c'
2021-10-12 21:29:34+00:00,"b'@coffeetabletsla @alex_avoigt Agreed. Trying to get all the approvals needed to offer insurance is extremely difficult, but it\xe2\x80\x99s coming.'"
2021-10-12 20:25:20+00:00,"b'@teslaownersSV Production, supply chain &amp; logistics are so hard!'"
2021-10-12 06:34:00+00:00,b'@SciGuySpace Yeah'
2021-10-12 03:31:23+00:00,"b'@cleantechnica But they should go electric now. Less range, but so easy, quiet &amp; clean.'"
2021-10-12 03:28:25+00:00,b'@cleantechnica There is something great about the Cessna 172/182 design'
2021-10-12 01:20:14+00:00,"b'@RGVaerialphotos Yeah, on its way (sigh)'"
2021-10-12 01:17:01+00:00,b'Starship Launch Site https://t.co/1pNMpc57Q2'
2021-10-12 00:13:13+00:00,"b'@NakamotoQuotes Beenz, Beenz\nthe musical fruit\nthe more you eat\nthe more you toot'"
2021-10-11 17:30:12+00:00,b'@Teslarati @Writer_01001101 All the stairwells currently shown as wood-clad will actually have graffiti'
2021-10-11 17:10:43+00:00,b'@NASASpaceflight Starship is a hard problem'
2021-10-11 16:37:50+00:00,b'@lexfridman Not to mention warm-up latency'
2021-10-11 15:44:44+00:00,"b'@WholeMarsBlog Vision became so good that radar actually reduced SNR, so radar was turned off. \n\nHumans drive with\xe2\x80\xa6 https://t.co/yop6wgjXgx'"
2021-10-11 15:37:21+00:00,b'@28delayslater \xf0\x9f\xa4\xa3'
2021-10-11 15:36:20+00:00,b'@matty_mogul @Tesla @karpathy Just want to emphasize this is the work of hundreds of awesome engineers in both soft\xe2\x80\xa6 https://t.co/VHakbDqf2F'
2021-10-11 15:13:48+00:00,"b'@CoffeexAnarchy Low occlusion gates are challenging, but should be fixed soon'"
2021-10-11 08:00:06+00:00,b'Beta 10.2 now rolling out to cars with 100/100 safety score over 100 miles'
2021-10-11 07:10:50+00:00,b'@WholeMarsBlog It will be available in perforated rolls'
2021-10-11 07:07:02+00:00,"b'@Papapishu [puff, puff] what if the cure for cancer\n\n[puff, puff] was in the leaf \xf0\x9f\x8d\x83?? \n\n\xf0\x9f\xa4\xaf\xf0\x9f\xa4\xaf'"
2021-10-11 06:14:42+00:00,b'@Papapishu \xf0\x9f\xa4\xa3\xf0\x9f\xa4\xa3'
2021-10-11 05:58:08+00:00,b'@WholeMarsBlog It\xe2\x80\x99s coming'
2021-10-11 05:09:15+00:00,b'@BB_BORISBREJCHA @FelixHohagen Thanks for playing Giga Berlin!'
2021-10-11 04:57:50+00:00,b'@JeffBezos \xf0\x9f\xa5\x88'
2021-10-10 13:54:25+00:00,"b'@eggshellfriend I love ALW! Couldn\xe2\x80\x99t agree more. My dog Marvin is Havanese too, although I\xe2\x80\x99m *his* emotional support human.'"
2021-10-10 06:13:51+00:00,b'@Sofiaan @Tesla Team is in fact working hard! They just confirmed 10.2 is good to go tomorrow night.'
2021-10-10 05:56:14+00:00,b'@cleantechnica It\xe2\x80\x99s true'
2021-10-09 23:31:17+00:00,b'@SawyerMerritt @AustinTeslaClub Hell yeah'
2021-10-09 20:55:38+00:00,b'@PPathole @SpaceX @4thFromOurStar Sure hope so!'
2021-10-09 20:34:20+00:00,b'@Gfilche Physics ftw'
2021-10-09 20:28:27+00:00,b'RT @tobilindh: Party at #GigaBerlin https://t.co/ZvqARpueOp'
2021-10-09 20:25:21+00:00,"b'@flcnhvy These are nice, but high time we built a really big Tesla coil!'"
2021-10-09 20:22:32+00:00,"b'@WholeMarsBlog Cells &amp; FSD are massive, the rest is just beauty &amp; romance \xe2\x80\xa6 but life is empty without those last two'"
2021-10-09 20:17:14+00:00,"b'@shortword Yeah, headlights are precision LED, so they can be bright without blinding oncoming traffic, pedestrians &amp; cyclists'"
2021-10-09 19:15:17+00:00,b'RT @teslaownersSV: Giga Berlin right now \xf0\x9f\x98\xb3\xf0\x9f\xa4\xaf @elonmusk https://t.co/ExC4bKKRa9'
2021-10-09 13:50:57+00:00,"b'@truth_tesla It will hopefully achieve sustained cycle time of 45 seconds. At 75% uptime over an average week, that\xe2\x80\x99s ~10k/week if run 24/7.'"
2021-10-09 08:49:43+00:00,b'@teslaownersSV Sunday/Monday'
2021-10-09 08:24:06+00:00,b'@ErwinLindeman20 Das klingt nach \xe2\x80\x9cSpace Party\xe2\x80\x9d'
2021-10-09 08:19:53+00:00,b'A few last minute concerns about this build. Release likely on Sunday or Monday. Sorry for the delay.'
2021-10-09 08:16:56+00:00,b'Giga Berlin-Brandenburg Spa\xc3\x9f-Party heute!'
2021-10-08 17:57:04+00:00,b'@LifeofMikej @TeslaOwnersBC @DriveTeslaca @Tesla @Teslarati There are many small joys as you explore the car &amp; more\xe2\x80\xa6 https://t.co/o4XiIbhJKX'
2021-10-08 17:55:20+00:00,b'@Model3Owners So crazy to have come this far!'
2021-10-08 16:57:07+00:00,b'@Tesmanian_com Exactly'
2021-10-08 09:11:12+00:00,"b'If you\xe2\x80\x99d like to join Tesla AI, but can\xe2\x80\x99t easily move to Palo Alto or Austin, that is acceptable for extremely exce\xe2\x80\xa6 https://t.co/vTYwSAM6nr'"
2021-10-08 09:08:22+00:00,b'Sorry if we\xe2\x80\x99ve been too dumb to respond to you. Please cite evidence of exceptional ability in a few bullet points. Nothing else matters.'
2021-10-08 09:04:45+00:00,b'Please consider joining Tesla AI software or hardware teams! https://t.co/HgigdtenKN'
2021-10-07 21:46:11+00:00,b'RT @Tesla: Tesla Shareholder Meeting https://t.co/uEv7dE43dC'
2021-10-07 21:39:56+00:00,"b'@PeterDiamandis I\xe2\x80\x99m so dying to do a supersonic, electric VOTL jet, but adding more work will make my \xf0\x9f\xa7\xa0 \xf0\x9f\xa7\xa8'"
2021-10-07 14:50:51+00:00,"b'Starlink is designed for low to medium population density, which means we can hit max users in some areas fast. \n\nP\xe2\x80\xa6 https://t.co/kaMckAw7YM'"
2021-10-07 14:47:31+00:00,"b'@jc_comrade Should be nationwide rollout by end of month. Note, still limited by peak number of users in same area.\xe2\x80\xa6 https://t.co/xXiydFQeuP'"
2021-10-07 14:45:42+00:00,b'@GerberKawasaki Haha true'
2021-10-07 14:45:31+00:00,b'@johnkrausphotos Definitely further refinements coming to (early beta) safety test score. It will be refined contin\xe2\x80\xa6 https://t.co/gvIW9SeStb'
2021-10-07 13:50:22+00:00,b'@lexfridman Sure'
2021-10-07 13:49:36+00:00,"b'@Teslarati @13ericralph31 It\xe2\x80\x99s a big deal that Dragon is reusable, with improved refurbishment efficiency with each\xe2\x80\xa6 https://t.co/A7S7nWA9c6'"
2021-10-07 13:43:09+00:00,"b'@probablyup Long list of mostly little items, but driving experience is significantly better. We will put notable c\xe2\x80\xa6 https://t.co/xjQ26FmIah'"
2021-10-07 13:38:38+00:00,b'@jgrano305 Everyone with a perfect score with get it. There are ~1000 owners with perfect scores. Maybe 1100 to 1200 by Friday night.'
2021-10-07 13:36:23+00:00,"b'@TeslaClubWI Note, quality of experience can vary dramatically, as our neural nets have far more training data in s\xe2\x80\xa6 https://t.co/wOawPwtIra'"
2021-10-07 13:31:47+00:00,b'@TeslaClubWI Yes'
2021-10-07 13:30:27+00:00,b'@SahilBloom Try explaining it to a 17-month-old \xe2\x80\x93 that\xe2\x80\x99s hard!'
2021-10-07 13:26:59+00:00,b'FSD Beta 10.2 rolls out Friday midnight to ~1000 owners with perfect 100/100 safety scores. \n\nRollouts will hold fo\xe2\x80\xa6 https://t.co/zYAUg7ZKvy'
2021-10-05 20:01:39+00:00,b'@F_Nela1 @Teslarati \xf0\x9f\xa4\xa3\xf0\x9f\xa4\xa3'
2021-10-05 18:05:28+00:00,b'@cleantechnica Tesla always pays its debts'
2021-10-05 10:12:45+00:00,b'RT @Tesla: NYC as seen through Model Y glass roof\n\n\xf0\x9f\x93\xb8: @Virus_City_ https://t.co/qY8TODtIQC'
2021-10-04 18:04:46+00:00,"b'@Teslarati @KlenderJoey This was *extremely* difficult. Huge props to Tesla engineering, supply chain, production &amp; key suppliers.'"
2021-10-04 01:41:58+00:00,b'Floki Frunkpuppy https://t.co/xAr8T0Jfdf'
2021-10-03 22:36:42+00:00,b'@StianWalgermo @Tesla @WholeMarsBlog Wow!'
2021-10-03 21:37:24+00:00,"b'@TheStonkJunky Awesome, effortless ordering is our goal :)'"
2021-10-03 12:55:27+00:00,b'@PPathole Tough choice \xe2\x80\x93 so many great movies \xe2\x80\x93but Spaceballs for me'
2021-10-03 12:47:40+00:00,b'@vm_one1 Lookin good \xe2\x80\xa6'
2021-10-03 12:43:00+00:00,"b'Walk this way \xe2\x80\xa6 no, *this* way \xe2\x80\xa6\nhttps://t.co/5DHEOh9Rke'"
2021-10-03 12:35:11+00:00,b'@waitbutwhy \xf0\x9f\xa4\xa3'
2021-10-03 08:08:34+00:00,b'@SawyerMerritt I wish I had had the opportunity to talk to him'
2021-10-03 01:12:09+00:00,b'@YoshikiOfficial @Benioff @netflix @TIME @hiromichimizuno @inspiration4x Same'
2021-10-02 23:26:39+00:00,"b'@28delayslater Good point, will discuss with team. Floki pic tomorrow.'"
2021-10-02 22:42:06+00:00,b'@Real_Futurist @flcnhvy @inspiration4x New Dune is good'
2021-10-02 22:40:01+00:00,b'@flcnhvy @inspiration4x I really wanted to like it'
2021-10-02 22:08:38+00:00,b'Amazing show about @Inspiration4x mission! https://t.co/0nQua4jGiz'
2021-10-02 20:06:37+00:00,b'@alex_avoigt Manufacturing will be Tesla\xe2\x80\x99s long-term competitive strength'
2021-10-02 18:04:35+00:00,b'This is real btw'
2021-10-02 18:03:40+00:00,b'And thanks very much to our suppliers &amp; logistics partners for coming through despite great difficulties!'
2021-10-02 17:58:50+00:00,b'\xe2\x99\xa5\xef\xb8\x8f\xe2\x99\xa5\xef\xb8\x8f Congrats Tesla team! \xe2\x99\xa5\xef\xb8\x8f\xe2\x99\xa5\xef\xb8\x8f https://t.co/mPFAVePVVn'
2021-10-02 17:55:39+00:00,b'https://t.co/J58qKEWdN9'
2021-10-02 03:00:43+00:00,b'@RocketLab360 Will be Falcon 9 size sooner or later'
2021-10-01 10:54:41+00:00,b'@CStyles45 @Tesla Pushed a week to align with 10.2'
2021-10-01 10:51:43+00:00,"b'With https://t.co/45B5nUBaxb &amp; Powerwall battery you are your own utility. \n\n24/7 clean, sustainable electricity. https://t.co/tqAxQMSuBD'"
2021-09-30 19:17:07+00:00,"b'@astro_kimbrough @SpaceX Hello @Space_Station, great pic! (That\xe2\x80\x99s me waving)'"
2021-09-30 13:21:11+00:00,"b'RT @SpaceX: After its ~one-month stay at the @space_station, the Dragon spacecraft supporting SpaceX\xe2\x80\x99s 23rd resupply mission for @NASA will\xe2\x80\xa6'"
2021-09-30 12:01:33+00:00,b'@Tesmanian_com That is the goal'
2021-09-30 05:40:01+00:00,b'@LabPadre Proof was good!'
2021-09-29 22:39:33+00:00,b'@pcgamer AMD has been great to work with!'
2021-09-29 22:38:52+00:00,"b'@Gfilche @freshjiva No guarantees, but I think it will. This is  a big part of what I meant by Tesla\xe2\x80\x99s long-term co\xe2\x80\xa6 https://t.co/XmlEJzTayS'"
2021-09-29 22:20:42+00:00,b'@SciGuySpace @verge \xf0\x9f\xa4\xa3\xf0\x9f\xa4\xa3'
2021-09-29 19:53:08+00:00,"b'@thesheetztweetz SpaceX has sued to be *allowed* to compete, BO is suing to stop competition'"
2021-09-29 17:37:45+00:00,b'@SPACEdotcom Maxwell was incredible'
2021-09-29 17:34:57+00:00,b'@mortenlund89 Really?'
2021-09-28 20:44:15+00:00,b'@NewFolderF @dogeofficialceo @BillyM2k \xf0\x9f\xa4\xa3'
2021-09-28 17:36:43+00:00,b'@BillyM2k Hamster has mad skillz!!'
2021-09-28 16:02:08+00:00,b'@slashdot This is a serious concern.'
